startTime,requestType,latency,responseCode1645232960013,POST,11,201
1645232957321,POST,12,201
1645232958775,POST,12,201
1645232959871,POST,12,201
1645232960001,POST,12,201
1645232956869,POST,13,201
1645232956869,POST,13,201
1645232957121,POST,13,201
1645232958220,POST,13,201
1645232958411,POST,13,201
1645232958411,POST,13,201
1645232958735,POST,13,201
1645232958748,POST,13,201
1645232958748,POST,13,201
1645232958748,POST,13,201
1645232958761,POST,13,201
1645232958774,POST,13,201
1645232958837,POST,13,201
1645232958837,POST,13,201
1645232958850,POST,13,201
1645232958850,POST,13,201
1645232958872,POST,13,201
1645232959308,POST,13,201
1645232959308,POST,13,201
1645232959366,POST,13,201
1645232959495,POST,13,201
1645232959559,POST,13,201
1645232959559,POST,13,201
1645232959560,POST,13,201
1645232959560,POST,13,201
1645232959560,POST,13,201
1645232959587,POST,13,201
1645232959587,POST,13,201
1645232959587,POST,13,201
1645232959988,POST,13,201
1645232959988,POST,13,201
1645232960000,POST,13,201
1645232960001,POST,13,201
1645232960008,POST,13,201
1645232960022,POST,13,201
1645232960099,POST,13,201
1645232956313,POST,14,201
1645232956655,POST,14,201
1645232956769,POST,14,201
1645232956769,POST,14,201
1645232956769,POST,14,201
1645232956885,POST,14,201
1645232957045,POST,14,201
1645232957112,POST,14,201
1645232957112,POST,14,201
1645232957319,POST,14,201
1645232958219,POST,14,201
1645232958219,POST,14,201
1645232958264,POST,14,201
1645232958278,POST,14,201
1645232958296,POST,14,201
1645232958296,POST,14,201
1645232958414,POST,14,201
1645232958414,POST,14,201
1645232958429,POST,14,201
1645232958486,POST,14,201
1645232958547,POST,14,201
1645232958735,POST,14,201
1645232958735,POST,14,201
1645232958761,POST,14,201
1645232958761,POST,14,201
1645232958765,POST,14,201
1645232958765,POST,14,201
1645232958787,POST,14,201
1645232958787,POST,14,201
1645232958861,POST,14,201
1645232958861,POST,14,201
1645232958934,POST,14,201
1645232959104,POST,14,201
1645232959151,POST,14,201
1645232959165,POST,14,201
1645232959234,POST,14,201
1645232959234,POST,14,201
1645232959234,POST,14,201
1645232959268,POST,14,201
1645232959268,POST,14,201
1645232959282,POST,14,201
1645232959282,POST,14,201
1645232959337,POST,14,201
1645232959494,POST,14,201
1645232959527,POST,14,201
1645232959527,POST,14,201
1645232959558,POST,14,201
1645232959796,POST,14,201
1645232959869,POST,14,201
1645232959954,POST,14,201
1645232960008,POST,14,201
1645232960014,POST,14,201
1645232960021,POST,14,201
1645232960121,POST,14,201
1645232960135,POST,14,201
1645232956039,POST,15,201
1645232956039,POST,15,201
1645232956054,POST,15,201
1645232956054,POST,15,201
1645232956085,POST,15,201
1645232956085,POST,15,201
1645232956094,POST,15,201
1645232956114,POST,15,201
1645232956159,POST,15,201
1645232956207,POST,15,201
1645232956207,POST,15,201
1645232956298,POST,15,201
1645232956327,POST,15,201
1645232956327,POST,15,201
1645232956607,POST,15,201
1645232956640,POST,15,201
1645232956754,POST,15,201
1645232956754,POST,15,201
1645232956754,POST,15,201
1645232956870,POST,15,201
1645232956872,POST,15,201
1645232956872,POST,15,201
1645232956872,POST,15,201
1645232957019,POST,15,201
1645232957030,POST,15,201
1645232957034,POST,15,201
1645232957066,POST,15,201
1645232957155,POST,15,201
1645232957242,POST,15,201
1645232957246,POST,15,201
1645232957303,POST,15,201
1645232957333,POST,15,201
1645232957333,POST,15,201
1645232958098,POST,15,201
1645232958098,POST,15,201
1645232958098,POST,15,201
1645232958098,POST,15,201
1645232958098,POST,15,201
1645232958133,POST,15,201
1645232958247,POST,15,201
1645232958247,POST,15,201
1645232958249,POST,15,201
1645232958260,POST,15,201
1645232958281,POST,15,201
1645232958414,POST,15,201
1645232958414,POST,15,201
1645232958414,POST,15,201
1645232958424,POST,15,201
1645232958424,POST,15,201
1645232958428,POST,15,201
1645232958428,POST,15,201
1645232958439,POST,15,201
1645232958439,POST,15,201
1645232958466,POST,15,201
1645232958475,POST,15,201
1645232958475,POST,15,201
1645232958475,POST,15,201
1645232958500,POST,15,201
1645232958515,POST,15,201
1645232958567,POST,15,201
1645232958733,POST,15,201
1645232958733,POST,15,201
1645232958779,POST,15,201
1645232958779,POST,15,201
1645232958794,POST,15,201
1645232958794,POST,15,201
1645232958808,POST,15,201
1645232958846,POST,15,201
1645232958846,POST,15,201
1645232958846,POST,15,201
1645232958857,POST,15,201
1645232958875,POST,15,201
1645232958875,POST,15,201
1645232958881,POST,15,201
1645232958881,POST,15,201
1645232958913,POST,15,201
1645232958913,POST,15,201
1645232959118,POST,15,201
1645232959118,POST,15,201
1645232959186,POST,15,201
1645232959186,POST,15,201
1645232959186,POST,15,201
1645232959186,POST,15,201
1645232959293,POST,15,201
1645232959296,POST,15,201
1645232959296,POST,15,201
1645232959311,POST,15,201
1645232959321,POST,15,201
1645232959327,POST,15,201
1645232959328,POST,15,201
1645232959366,POST,15,201
1645232959425,POST,15,201
1645232959425,POST,15,201
1645232959425,POST,15,201
1645232959495,POST,15,201
1645232959525,POST,15,201
1645232959527,POST,15,201
1645232959561,POST,15,201
1645232959572,POST,15,201
1645232959572,POST,15,201
1645232959572,POST,15,201
1645232959589,POST,15,201
1645232959796,POST,15,201
1645232959870,POST,15,201
1645232959871,POST,15,201
1645232959871,POST,15,201
1645232959923,POST,15,201
1645232959923,POST,15,201
1645232959923,POST,15,201
1645232959976,POST,15,201
1645232959993,POST,15,201
1645232959993,POST,15,201
1645232959993,POST,15,201
1645232960013,POST,15,201
1645232960024,POST,15,201
1645232960084,POST,15,201
1645232960084,POST,15,201
1645232960086,POST,15,201
1645232960086,POST,15,201
1645232960108,POST,15,201
1645232960112,POST,15,201
1645232956069,POST,16,201
1645232956069,POST,16,201
1645232956143,POST,16,201
1645232956156,POST,16,201
1645232956156,POST,16,201
1645232956172,POST,16,201
1645232956172,POST,16,201
1645232956572,POST,16,201
1645232956644,POST,16,201
1645232956669,POST,16,201
1645232956685,POST,16,201
1645232956685,POST,16,201
1645232956718,POST,16,201
1645232956718,POST,16,201
1645232956718,POST,16,201
1645232956761,POST,16,201
1645232956761,POST,16,201
1645232956777,POST,16,201
1645232956777,POST,16,201
1645232956777,POST,16,201
1645232956783,POST,16,201
1645232956783,POST,16,201
1645232956783,POST,16,201
1645232956799,POST,16,201
1645232956799,POST,16,201
1645232956799,POST,16,201
1645232956887,POST,16,201
1645232956887,POST,16,201
1645232956887,POST,16,201
1645232957059,POST,16,201
1645232957059,POST,16,201
1645232958097,POST,16,201
1645232958153,POST,16,201
1645232958153,POST,16,201
1645232958233,POST,16,201
1645232958233,POST,16,201
1645232958233,POST,16,201
1645232958244,POST,16,201
1645232958249,POST,16,201
1645232958249,POST,16,201
1645232958262,POST,16,201
1645232958262,POST,16,201
1645232958265,POST,16,201
1645232958265,POST,16,201
1645232958267,POST,16,201
1645232958267,POST,16,201
1645232958281,POST,16,201
1645232958292,POST,16,201
1645232958292,POST,16,201
1645232958429,POST,16,201
1645232958429,POST,16,201
1645232958443,POST,16,201
1645232958443,POST,16,201
1645232958443,POST,16,201
1645232958454,POST,16,201
1645232958454,POST,16,201
1645232958459,POST,16,201
1645232958459,POST,16,201
1645232958459,POST,16,201
1645232958470,POST,16,201
1645232958470,POST,16,201
1645232958518,POST,16,201
1645232958531,POST,16,201
1645232958534,POST,16,201
1645232958636,POST,16,201
1645232958749,POST,16,201
1645232958749,POST,16,201
1645232958792,POST,16,201
1645232958847,POST,16,201
1645232958861,POST,16,201
1645232958890,POST,16,201
1645232958890,POST,16,201
1645232958902,POST,16,201
1645232958918,POST,16,201
1645232958920,POST,16,201
1645232958923,POST,16,201
1645232958923,POST,16,201
1645232958928,POST,16,201
1645232958928,POST,16,201
1645232959069,POST,16,201
1645232959104,POST,16,201
1645232959112,POST,16,201
1645232959120,POST,16,201
1645232959136,POST,16,201
1645232959186,POST,16,201
1645232959197,POST,16,201
1645232959238,POST,16,201
1645232959311,POST,16,201
1645232959311,POST,16,201
1645232959311,POST,16,201
1645232959311,POST,16,201
1645232959321,POST,16,201
1645232959326,POST,16,201
1645232959327,POST,16,201
1645232959327,POST,16,201
1645232959365,POST,16,201
1645232959365,POST,16,201
1645232959425,POST,16,201
1645232959440,POST,16,201
1645232959440,POST,16,201
1645232959440,POST,16,201
1645232959442,POST,16,201
1645232959456,POST,16,201
1645232959473,POST,16,201
1645232959497,POST,16,201
1645232959525,POST,16,201
1645232959525,POST,16,201
1645232959573,POST,16,201
1645232959573,POST,16,201
1645232959573,POST,16,201
1645232959576,POST,16,201
1645232959589,POST,16,201
1645232959589,POST,16,201
1645232959780,POST,16,201
1645232959780,POST,16,201
1645232959781,POST,16,201
1645232959836,POST,16,201
1645232959836,POST,16,201
1645232959836,POST,16,201
1645232959836,POST,16,201
1645232959869,POST,16,201
1645232959904,POST,16,201
1645232959924,POST,16,201
1645232959938,POST,16,201
1645232959938,POST,16,201
1645232959940,POST,16,201
1645232959940,POST,16,201
1645232959968,POST,16,201
1645232959977,POST,16,201
1645232959977,POST,16,201
1645232959984,POST,16,201
1645232960008,POST,16,201
1645232960008,POST,16,201
1645232960013,POST,16,201
1645232960024,POST,16,201
1645232960024,POST,16,201
1645232960107,POST,16,201
1645232960108,POST,16,201
1645232960119,POST,16,201
1645232960141,POST,16,201
1645232960251,POST,16,201
1645232956064,POST,17,201
1645232956064,POST,17,201
1645232956064,POST,17,201
1645232956064,POST,17,201
1645232956077,POST,17,201
1645232956099,POST,17,201
1645232956099,POST,17,201
1645232956099,POST,17,201
1645232956109,POST,17,201
1645232956117,POST,17,201
1645232956118,POST,17,201
1645232956118,POST,17,201
1645232956126,POST,17,201
1645232956134,POST,17,201
1645232956134,POST,17,201
1645232956134,POST,17,201
1645232956134,POST,17,201
1645232956444,POST,17,201
1645232956684,POST,17,201
1645232956685,POST,17,201
1645232956685,POST,17,201
1645232956701,POST,17,201
1645232956702,POST,17,201
1645232956799,POST,17,201
1645232956799,POST,17,201
1645232956852,POST,17,201
1645232956852,POST,17,201
1645232956857,POST,17,201
1645232956857,POST,17,201
1645232956882,POST,17,201
1645232956882,POST,17,201
1645232956893,POST,17,201
1645232956893,POST,17,201
1645232956899,POST,17,201
1645232956899,POST,17,201
1645232956899,POST,17,201
1645232956903,POST,17,201
1645232956903,POST,17,201
1645232956903,POST,17,201
1645232956965,POST,17,201
1645232956965,POST,17,201
1645232957002,POST,17,201
1645232957049,POST,17,201
1645232957126,POST,17,201
1645232957126,POST,17,201
1645232957223,POST,17,201
1645232957240,POST,17,201
1645232957240,POST,17,201
1645232957243,POST,17,201
1645232958135,POST,17,201
1645232958135,POST,17,201
1645232958135,POST,17,201
1645232958148,POST,17,201
1645232958148,POST,17,201
1645232958148,POST,17,201
1645232958165,POST,17,201
1645232958165,POST,17,201
1645232958165,POST,17,201
1645232958202,POST,17,201
1645232958202,POST,17,201
1645232958227,POST,17,201
1645232958275,POST,17,201
1645232958302,POST,17,201
1645232958302,POST,17,201
1645232958414,POST,17,201
1645232958449,POST,17,201
1645232958486,POST,17,201
1645232958530,POST,17,201
1645232958550,POST,17,201
1645232958567,POST,17,201
1645232958568,POST,17,201
1645232958615,POST,17,201
1645232958737,POST,17,201
1645232958737,POST,17,201
1645232958737,POST,17,201
1645232958775,POST,17,201
1645232958775,POST,17,201
1645232958775,POST,17,201
1645232958792,POST,17,201
1645232958792,POST,17,201
1645232958823,POST,17,201
1645232958829,POST,17,201
1645232958829,POST,17,201
1645232958829,POST,17,201
1645232958829,POST,17,201
1645232958840,POST,17,201
1645232958846,POST,17,201
1645232958885,POST,17,201
1645232958885,POST,17,201
1645232958896,POST,17,201
1645232958896,POST,17,201
1645232958906,POST,17,201
1645232958906,POST,17,201
1645232958948,POST,17,201
1645232958983,POST,17,201
1645232958983,POST,17,201
1645232958983,POST,17,201
1645232959049,POST,17,201
1645232959049,POST,17,201
1645232959052,POST,17,201
1645232959052,POST,17,201
1645232959054,POST,17,201
1645232959071,POST,17,201
1645232959111,POST,17,201
1645232959151,POST,17,201
1645232959151,POST,17,201
1645232959152,POST,17,201
1645232959169,POST,17,201
1645232959169,POST,17,201
1645232959169,POST,17,201
1645232959169,POST,17,201
1645232959169,POST,17,201
1645232959186,POST,17,201
1645232959221,POST,17,201
1645232959254,POST,17,201
1645232959291,POST,17,201
1645232959425,POST,17,201
1645232959425,POST,17,201
1645232959425,POST,17,201
1645232959441,POST,17,201
1645232959442,POST,17,201
1645232959456,POST,17,201
1645232959472,POST,17,201
1645232959472,POST,17,201
1645232959472,POST,17,201
1645232959480,POST,17,201
1645232959507,POST,17,201
1645232959508,POST,17,201
1645232959508,POST,17,201
1645232959510,POST,17,201
1645232959532,POST,17,201
1645232959568,POST,17,201
1645232959586,POST,17,201
1645232959592,POST,17,201
1645232959780,POST,17,201
1645232959835,POST,17,201
1645232959835,POST,17,201
1645232959852,POST,17,201
1645232959852,POST,17,201
1645232959920,POST,17,201
1645232959920,POST,17,201
1645232959923,POST,17,201
1645232959923,POST,17,201
1645232959937,POST,17,201
1645232959937,POST,17,201
1645232959954,POST,17,201
1645232959954,POST,17,201
1645232959971,POST,17,201
1645232959971,POST,17,201
1645232959977,POST,17,201
1645232959991,POST,17,201
1645232960086,POST,17,201
1645232960124,POST,17,201
1645232960271,POST,17,201
1645232960271,POST,17,201
1645232960271,POST,17,201
1645232955858,POST,18,201
1645232956040,POST,18,201
1645232956059,POST,18,201
1645232956081,POST,18,201
1645232956081,POST,18,201
1645232956081,POST,18,201
1645232956081,POST,18,201
1645232956096,POST,18,201
1645232956099,POST,18,201
1645232956100,POST,18,201
1645232956100,POST,18,201
1645232956116,POST,18,201
1645232956116,POST,18,201
1645232956116,POST,18,201
1645232956174,POST,18,201
1645232956444,POST,18,201
1645232956444,POST,18,201
1645232956535,POST,18,201
1645232956644,POST,18,201
1645232956644,POST,18,201
1645232956644,POST,18,201
1645232956644,POST,18,201
1645232956684,POST,18,201
1645232956701,POST,18,201
1645232956701,POST,18,201
1645232956702,POST,18,201
1645232956702,POST,18,201
1645232956793,POST,18,201
1645232956793,POST,18,201
1645232956793,POST,18,201
1645232956815,POST,18,201
1645232956816,POST,18,201
1645232956816,POST,18,201
1645232956834,POST,18,201
1645232956852,POST,18,201
1645232956854,POST,18,201
1645232956854,POST,18,201
1645232956854,POST,18,201
1645232956965,POST,18,201
1645232956965,POST,18,201
1645232956965,POST,18,201
1645232956965,POST,18,201
1645232956965,POST,18,201
1645232957022,POST,18,201
1645232957022,POST,18,201
1645232957022,POST,18,201
1645232957022,POST,18,201
1645232957022,POST,18,201
1645232957022,POST,18,201
1645232957075,POST,18,201
1645232957075,POST,18,201
1645232957104,POST,18,201
1645232957104,POST,18,201
1645232957104,POST,18,201
1645232957104,POST,18,201
1645232957143,POST,18,201
1645232957143,POST,18,201
1645232957224,POST,18,201
1645232957224,POST,18,201
1645232957242,POST,18,201
1645232957243,POST,18,201
1645232957243,POST,18,201
1645232957303,POST,18,201
1645232958117,POST,18,201
1645232958135,POST,18,201
1645232958135,POST,18,201
1645232958152,POST,18,201
1645232958152,POST,18,201
1645232958152,POST,18,201
1645232958170,POST,18,201
1645232958170,POST,18,201
1645232958170,POST,18,201
1645232958202,POST,18,201
1645232958249,POST,18,201
1645232958249,POST,18,201
1645232958278,POST,18,201
1645232958278,POST,18,201
1645232958431,POST,18,201
1645232958445,POST,18,201
1645232958445,POST,18,201
1645232958463,POST,18,201
1645232958463,POST,18,201
1645232958500,POST,18,201
1645232958500,POST,18,201
1645232958512,POST,18,201
1645232958512,POST,18,201
1645232958550,POST,18,201
1645232958594,POST,18,201
1645232958774,POST,18,201
1645232958792,POST,18,201
1645232958801,POST,18,201
1645232958801,POST,18,201
1645232958819,POST,18,201
1645232958819,POST,18,201
1645232958829,POST,18,201
1645232958863,POST,18,201
1645232958863,POST,18,201
1645232958902,POST,18,201
1645232958965,POST,18,201
1645232958965,POST,18,201
1645232958965,POST,18,201
1645232958965,POST,18,201
1645232958983,POST,18,201
1645232958983,POST,18,201
1645232958983,POST,18,201
1645232958983,POST,18,201
1645232958983,POST,18,201
1645232959049,POST,18,201
1645232959066,POST,18,201
1645232959133,POST,18,201
1645232959133,POST,18,201
1645232959133,POST,18,201
1645232959133,POST,18,201
1645232959151,POST,18,201
1645232959151,POST,18,201
1645232959151,POST,18,201
1645232959151,POST,18,201
1645232959168,POST,18,201
1645232959168,POST,18,201
1645232959179,POST,18,201
1645232959293,POST,18,201
1645232959293,POST,18,201
1645232959365,POST,18,201
1645232959377,POST,18,201
1645232959444,POST,18,201
1645232959458,POST,18,201
1645232959459,POST,18,201
1645232959462,POST,18,201
1645232959476,POST,18,201
1645232959477,POST,18,201
1645232959489,POST,18,201
1645232959489,POST,18,201
1645232959507,POST,18,201
1645232959540,POST,18,201
1645232959541,POST,18,201
1645232959550,POST,18,201
1645232959780,POST,18,201
1645232959780,POST,18,201
1645232959780,POST,18,201
1645232959781,POST,18,201
1645232959818,POST,18,201
1645232959836,POST,18,201
1645232959852,POST,18,201
1645232959905,POST,18,201
1645232959905,POST,18,201
1645232959905,POST,18,201
1645232959905,POST,18,201
1645232959905,POST,18,201
1645232959938,POST,18,201
1645232959959,POST,18,201
1645232960101,POST,18,201
1645232960103,POST,18,201
1645232960123,POST,18,201
1645232956021,POST,19,201
1645232956058,POST,19,201
1645232956077,POST,19,201
1645232956172,POST,19,201
1645232956172,POST,19,201
1645232956172,POST,19,201
1645232956188,POST,19,201
1645232956188,POST,19,201
1645232956192,POST,19,201
1645232956298,POST,19,201
1645232956298,POST,19,201
1645232956298,POST,19,201
1645232956298,POST,19,201
1645232956395,POST,19,201
1645232956397,POST,19,201
1645232956484,POST,19,201
1645232956484,POST,19,201
1645232956484,POST,19,201
1645232956484,POST,19,201
1645232956553,POST,19,201
1645232956588,POST,19,201
1645232956621,POST,19,201
1645232956742,POST,19,201
1645232956742,POST,19,201
1645232956742,POST,19,201
1645232956742,POST,19,201
1645232956742,POST,19,201
1645232956761,POST,19,201
1645232956761,POST,19,201
1645232956780,POST,19,201
1645232956780,POST,19,201
1645232956815,POST,19,201
1645232956815,POST,19,201
1645232956833,POST,19,201
1645232956874,POST,19,201
1645232956874,POST,19,201
1645232956983,POST,19,201
1645232956983,POST,19,201
1645232956983,POST,19,201
1645232956983,POST,19,201
1645232956983,POST,19,201
1645232957040,POST,19,201
1645232957040,POST,19,201
1645232957040,POST,19,201
1645232957060,POST,19,201
1645232957060,POST,19,201
1645232957060,POST,19,201
1645232957093,POST,19,201
1645232957093,POST,19,201
1645232957102,POST,19,201
1645232957142,POST,19,201
1645232957142,POST,19,201
1645232957142,POST,19,201
1645232957142,POST,19,201
1645232957142,POST,19,201
1645232957203,POST,19,201
1645232957224,POST,19,201
1645232957224,POST,19,201
1645232958098,POST,19,201
1645232958169,POST,19,201
1645232958169,POST,19,201
1645232958208,POST,19,201
1645232958208,POST,19,201
1645232958228,POST,19,201
1645232958283,POST,19,201
1645232958283,POST,19,201
1645232958481,POST,19,201
1645232958481,POST,19,201
1645232958512,POST,19,201
1645232958531,POST,19,201
1645232958632,POST,19,201
1645232958632,POST,19,201
1645232958677,POST,19,201
1645232958677,POST,19,201
1645232958810,POST,19,201
1645232958877,POST,19,201
1645232958916,POST,19,201
1645232958944,POST,19,201
1645232958944,POST,19,201
1645232959049,POST,19,201
1645232959049,POST,19,201
1645232959069,POST,19,201
1645232959085,POST,19,201
1645232959203,POST,19,201
1645232959215,POST,19,201
1645232959296,POST,19,201
1645232959425,POST,19,201
1645232959476,POST,19,201
1645232959489,POST,19,201
1645232959489,POST,19,201
1645232959508,POST,19,201
1645232959508,POST,19,201
1645232959513,POST,19,201
1645232959540,POST,19,201
1645232959541,POST,19,201
1645232959541,POST,19,201
1645232959541,POST,19,201
1645232959542,POST,19,201
1645232959726,POST,19,201
1645232959797,POST,19,201
1645232959798,POST,19,201
1645232959798,POST,19,201
1645232959799,POST,19,201
1645232959817,POST,19,201
1645232959817,POST,19,201
1645232959852,POST,19,201
1645232959852,POST,19,201
1645232959852,POST,19,201
1645232959886,POST,19,201
1645232959886,POST,19,201
1645232959905,POST,19,201
1645232959940,POST,19,201
1645232959994,POST,19,201
1645232960252,POST,19,201
1645232956191,POST,20,201
1645232956191,POST,20,201
1645232956191,POST,20,201
1645232956557,POST,20,201
1645232956557,POST,20,201
1645232956557,POST,20,201
1645232956557,POST,20,201
1645232956557,POST,20,201
1645232956577,POST,20,201
1645232956577,POST,20,201
1645232956734,POST,20,201
1645232956734,POST,20,201
1645232956734,POST,20,201
1645232956834,POST,20,201
1645232956982,POST,20,201
1645232956982,POST,20,201
1645232957002,POST,20,201
1645232957002,POST,20,201
1645232957002,POST,20,201
1645232957002,POST,20,201
1645232957002,POST,20,201
1645232957002,POST,20,201
1645232957040,POST,20,201
1645232957040,POST,20,201
1645232957040,POST,20,201
1645232957059,POST,20,201
1645232957059,POST,20,201
1645232957102,POST,20,201
1645232957122,POST,20,201
1645232957122,POST,20,201
1645232957122,POST,20,201
1645232957122,POST,20,201
1645232957122,POST,20,201
1645232957203,POST,20,201
1645232957203,POST,20,201
1645232957223,POST,20,201
1645232957226,POST,20,201
1645232957325,POST,20,201
1645232957620,POST,20,201
1645232957620,POST,20,201
1645232957620,POST,20,201
1645232958113,POST,20,201
1645232958182,POST,20,201
1645232958182,POST,20,201
1645232958182,POST,20,201
1645232958188,POST,20,201
1645232958188,POST,20,201
1645232958188,POST,20,201
1645232958188,POST,20,201
1645232958188,POST,20,201
1645232958208,POST,20,201
1645232958208,POST,20,201
1645232958208,POST,20,201
1645232958227,POST,20,201
1645232958297,POST,20,201
1645232958530,POST,20,201
1645232958547,POST,20,201
1645232958595,POST,20,201
1645232958715,POST,20,201
1645232958715,POST,20,201
1645232958754,POST,20,201
1645232958809,POST,20,201
1645232958809,POST,20,201
1645232958809,POST,20,201
1645232958809,POST,20,201
1645232958896,POST,20,201
1645232958963,POST,20,201
1645232958963,POST,20,201
1645232958963,POST,20,201
1645232959068,POST,20,201
1645232959068,POST,20,201
1645232959084,POST,20,201
1645232959201,POST,20,201
1645232959248,POST,20,201
1645232959248,POST,20,201
1645232959248,POST,20,201
1645232959249,POST,20,201
1645232959249,POST,20,201
1645232959291,POST,20,201
1645232959315,POST,20,201
1645232959726,POST,20,201
1645232959726,POST,20,201
1645232959726,POST,20,201
1645232959726,POST,20,201
1645232959726,POST,20,201
1645232959816,POST,20,201
1645232959816,POST,20,201
1645232959885,POST,20,201
1645232959885,POST,20,201
1645232960251,POST,20,201
1645232960251,POST,20,201
1645232956043,POST,21,201
1645232956043,POST,21,201
1645232956043,POST,21,201
1645232956043,POST,21,201
1645232956135,POST,21,201
1645232956135,POST,21,201
1645232956151,POST,21,201
1645232956151,POST,21,201
1645232956151,POST,21,201
1645232956151,POST,21,201
1645232956151,POST,21,201
1645232956201,POST,21,201
1645232956397,POST,21,201
1645232956397,POST,21,201
1645232956397,POST,21,201
1645232956397,POST,21,201
1645232956444,POST,21,201
1645232956444,POST,21,201
1645232956444,POST,21,201
1645232956536,POST,21,201
1645232956536,POST,21,201
1645232956577,POST,21,201
1645232956577,POST,21,201
1645232956577,POST,21,201
1645232956577,POST,21,201
1645232956833,POST,21,201
1645232956833,POST,21,201
1645232957081,POST,21,201
1645232957134,POST,21,201
1645232957203,POST,21,201
1645232957203,POST,21,201
1645232957203,POST,21,201
1645232957203,POST,21,201
1645232957304,POST,21,201
1645232957304,POST,21,201
1645232957326,POST,21,201
1645232957326,POST,21,201
1645232957326,POST,21,201
1645232957890,POST,21,201
1645232958228,POST,21,201
1645232958228,POST,21,201
1645232958296,POST,21,201
1645232958616,POST,21,201
1645232958616,POST,21,201
1645232958616,POST,21,201
1645232958694,POST,21,201
1645232958694,POST,21,201
1645232958694,POST,21,201
1645232958694,POST,21,201
1645232958754,POST,21,201
1645232958754,POST,21,201
1645232958885,POST,21,201
1645232959067,POST,21,201
1645232959112,POST,21,201
1645232959112,POST,21,201
1645232959201,POST,21,201
1645232959201,POST,21,201
1645232959201,POST,21,201
1645232959213,POST,21,201
1645232959248,POST,21,201
1645232959250,POST,21,201
1645232959383,POST,21,201
1645232959404,POST,21,201
1645232959883,POST,21,201
1645232959956,POST,21,201
1645232959956,POST,21,201
1645232959956,POST,21,201
1645232960086,POST,21,201
1645232960087,POST,21,201
1645232956021,POST,22,201
1645232956021,POST,22,201
1645232956021,POST,22,201
1645232956021,POST,22,201
1645232956129,POST,22,201
1645232956295,POST,22,201
1645232956295,POST,22,201
1645232956317,POST,22,201
1645232956444,POST,22,201
1645232956462,POST,22,201
1645232956462,POST,22,201
1645232956535,POST,22,201
1645232956535,POST,22,201
1645232956535,POST,22,201
1645232956535,POST,22,201
1645232956622,POST,22,201
1645232956720,POST,22,201
1645232956720,POST,22,201
1645232956811,POST,22,201
1645232956811,POST,22,201
1645232956811,POST,22,201
1645232957303,POST,22,201
1645232957304,POST,22,201
1645232957304,POST,22,201
1645232957325,POST,22,201
1645232957325,POST,22,201
1645232957598,POST,22,201
1645232957598,POST,22,201
1645232957598,POST,22,201
1645232958113,POST,22,201
1645232958113,POST,22,201
1645232958113,POST,22,201
1645232958113,POST,22,201
1645232958490,POST,22,201
1645232958490,POST,22,201
1645232958490,POST,22,201
1645232958594,POST,22,201
1645232958594,POST,22,201
1645232958677,POST,22,201
1645232958693,POST,22,201
1645232958715,POST,22,201
1645232958715,POST,22,201
1645232958715,POST,22,201
1645232958863,POST,22,201
1645232958863,POST,22,201
1645232959269,POST,22,201
1645232959271,POST,22,201
1645232959343,POST,22,201
1645232959343,POST,22,201
1645232959381,POST,22,201
1645232959381,POST,22,201
1645232959381,POST,22,201
1645232959403,POST,22,201
1645232959403,POST,22,201
1645232959403,POST,22,201
1645232959403,POST,22,201
1645232959403,POST,22,201
1645232959605,POST,22,201
1645232959883,POST,22,201
1645232959883,POST,22,201
1645232959954,POST,22,201
1645232960086,POST,22,201
1645232956461,POST,23,201
1645232956466,POST,23,201
1645232956489,POST,23,201
1645232956489,POST,23,201
1645232956489,POST,23,201
1645232956489,POST,23,201
1645232956512,POST,23,201
1645232956512,POST,23,201
1645232956598,POST,23,201
1645232956598,POST,23,201
1645232956598,POST,23,201
1645232956598,POST,23,201
1645232956598,POST,23,201
1645232956621,POST,23,201
1645232956621,POST,23,201
1645232956621,POST,23,201
1645232956621,POST,23,201
1645232956621,POST,23,201
1645232956621,POST,23,201
1645232956662,POST,23,201
1645232956662,POST,23,201
1645232956662,POST,23,201
1645232956662,POST,23,201
1645232956719,POST,23,201
1645232956719,POST,23,201
1645232956719,POST,23,201
1645232956834,POST,23,201
1645232957079,POST,23,201
1645232957203,POST,23,201
1645232957303,POST,23,201
1645232957598,POST,23,201
1645232957598,POST,23,201
1645232957890,POST,23,201
1645232957890,POST,23,201
1645232957891,POST,23,201
1645232958593,POST,23,201
1645232959088,POST,23,201
1645232959088,POST,23,201
1645232959128,POST,23,201
1645232959128,POST,23,201
1645232959268,POST,23,201
1645232959342,POST,23,201
1645232959342,POST,23,201
1645232959343,POST,23,201
1645232959604,POST,23,201
1645232959605,POST,23,201
1645232959854,POST,23,201
1645232956465,POST,24,201
1645232956465,POST,24,201
1645232956465,POST,24,201
1645232956512,POST,24,201
1645232956512,POST,24,201
1645232956597,POST,24,201
1645232956597,POST,24,201
1645232956833,POST,24,201
1645232957573,POST,24,201
1645232957596,POST,24,201
1645232957596,POST,24,201
1645232957621,POST,24,201
1645232957621,POST,24,201
1645232957866,POST,24,201
1645232957866,POST,24,201
1645232957867,POST,24,201
1645232957867,POST,24,201
1645232958612,POST,24,201
1645232958637,POST,24,201
1645232958637,POST,24,201
1645232958637,POST,24,201
1645232958637,POST,24,201
1645232959088,POST,24,201
1645232959088,POST,24,201
1645232959088,POST,24,201
1645232959269,POST,24,201
1645232959269,POST,24,201
1645232959379,POST,24,201
1645232959603,POST,24,201
1645232959811,POST,24,201
1645232956317,POST,25,201
1645232956317,POST,25,201
1645232956317,POST,25,201
1645232956317,POST,25,201
1645232956317,POST,25,201
1645232956660,POST,25,201
1645232957079,POST,25,201
1645232957079,POST,25,201
1645232957079,POST,25,201
1645232957079,POST,25,201
1645232957571,POST,25,201
1645232957620,POST,25,201
1645232957620,POST,25,201
1645232957620,POST,25,201
1645232958636,POST,25,201
1645232958652,POST,25,201
1645232959271,POST,25,201
1645232959810,POST,25,201
1645232956418,POST,26,201
1645232956418,POST,26,201
1645232956418,POST,26,201
1645232956418,POST,26,201
1645232957572,POST,26,201
1645232957572,POST,26,201
1645232957572,POST,26,201
1645232957572,POST,26,201
1645232957572,POST,26,201
1645232957891,POST,26,201
1645232958072,POST,26,201
1645232958072,POST,26,201
1645232958072,POST,26,201
1645232958072,POST,26,201
1645232958072,POST,26,201
1645232958651,POST,26,201
1645232958651,POST,26,201
1645232958939,POST,26,201
1645232958939,POST,26,201
1645232959222,POST,26,201
1645232959351,POST,26,201
1645232959720,POST,26,201
1645232957914,POST,27,201
1645232958936,POST,27,201
1645232959222,POST,27,201
1645232959222,POST,27,201
1645232959365,POST,27,201
1645232959600,POST,27,201
1645232959600,POST,27,201
1645232956416,POST,28,201
1645232957002,POST,28,201
1645232957911,POST,28,201
1645232959222,POST,28,201
1645232959351,POST,28,201
1645232959877,POST,28,201
1645232956172,POST,29,201
1645232956298,POST,29,201
1645232956415,POST,29,201
1645232956415,POST,29,201
1645232956415,POST,29,201
1645232957914,POST,29,201
1645232958936,POST,29,201
1645232959186,POST,29,201
1645232959336,POST,29,201
1645232959395,POST,29,201
1645232955828,POST,30,201
1645232955874,POST,30,201
1645232957913,POST,30,201
1645232957913,POST,30,201
1645232957913,POST,30,201
1645232957913,POST,30,201
1645232958906,POST,30,201
1645232958935,POST,30,201
1645232959442,POST,30,201
1645232955873,POST,31,201
1645232955904,POST,32,201
1645232956503,POST,32,201
1645232956503,POST,32,201
1645232956503,POST,32,201
1645232956503,POST,32,201
1645232958661,POST,32,201
1645232959202,POST,32,201
1645232959392,POST,32,201
1645232956685,POST,33,201
1645232957170,POST,33,201
1645232958661,POST,33,201
1645232958661,POST,33,201
1645232958661,POST,33,201
1645232957856,POST,34,201
1645232959746,POST,34,201
1645232959746,POST,34,201
1645232959746,POST,34,201
1645232959746,POST,34,201
1645232959746,POST,34,201
1645232956172,POST,35,201
1645232957702,POST,35,201
1645232957821,POST,35,201
1645232958113,POST,35,201
1645232958113,POST,35,201
1645232959745,POST,35,201
1645232959746,POST,35,201
1645232959746,POST,35,201
1645232960252,POST,35,201
1645232958699,POST,36,201
1645232956965,POST,37,201
1645232958696,POST,37,201
1645232958696,POST,37,201
1645232956021,POST,38,201
1645232959066,POST,38,201
1645232957705,POST,39,201
1645232956444,POST,40,201
1645232956644,POST,40,201
1645232957703,POST,40,201
1645232957703,POST,40,201
1645232957703,POST,40,201
1645232957703,POST,40,201
1645232957704,POST,40,201
1645232956557,POST,41,201
1645232958595,POST,41,201
1645232956211,POST,42,201
1645232956211,POST,42,201
1645232956211,POST,42,201
1645232956211,POST,42,201
1645232956535,POST,42,201
1645232957161,POST,42,201
1645232957161,POST,42,201
1645232957161,POST,42,201
1645232957161,POST,42,201
1645232957161,POST,42,201
1645232957161,POST,42,201
1645232957161,POST,42,201
1645232957705,POST,42,201
1645232958595,POST,42,201
1645232957260,POST,43,201
1645232957261,POST,43,201
1645232957261,POST,43,201
1645232957261,POST,43,201
1645232958317,POST,43,201
1645232958317,POST,43,201
1645232959609,POST,43,201
1645232957260,POST,44,201
1645232957822,POST,44,201
1645232955828,POST,45,201
1645232955829,POST,45,201
1645232956253,POST,45,201
1645232956253,POST,45,201
1645232956253,POST,45,201
1645232956253,POST,45,201
1645232956253,POST,45,201
1645232956920,POST,45,201
1645232956920,POST,45,201
1645232956920,POST,45,201
1645232957426,POST,45,201
1645232957821,POST,45,201
1645232957822,POST,45,201
1645232957822,POST,45,201
1645232957822,POST,45,201
1645232957822,POST,45,201
1645232957822,POST,45,201
1645232955828,POST,46,201
1645232956207,POST,46,201
1645232957257,POST,46,201
1645232957257,POST,46,201
1645232957257,POST,46,201
1645232957867,POST,46,201
1645232957867,POST,46,201
1645232960040,POST,46,201
1645232955829,POST,47,201
1645232955926,POST,47,201
1645232955926,POST,47,201
1645232955926,POST,47,201
1645232957867,POST,47,201
1645232960039,POST,47,201
1645232960040,POST,47,201
1645232955828,POST,48,201
1645232955828,POST,48,201
1645232955828,POST,48,201
1645232955973,POST,48,201
1645232955973,POST,48,201
1645232955973,POST,48,201
1645232957424,POST